Dataset,Sensors,,,,,,,,,,,,,,,,,,,,,,,,,,,,,,,,,,,,,,,,,,,,,,,,,,,,,,,,,
1,ActivePixel,Alarm,Current,GasDetector,,,,,,,,,,,,,,,,,,,,,,,,,,,,,,,,,,,,,,,,,,,,,,,,,,,,,,
2,ActivePixel,AngleSensitivePixel,Image,Microbolometer,MotionDetector,OmnidirectionalCamera,RangeImaging,StaringArray,TimeOfFlightCamera,Video,,,,,,,,,,,,,,,,,,,,,,,,,,,,,,,,,,,,,,,,,,,,,,,,
3,ElectroOptical,IncrementalEncoder,LedAsLight,Light,PassiveInfrared,,,,,,,,,,,,,,,,,,,,,,,,,,,,,,,,,,,,,,,,,,,,,,,,,,,,,
4,Undefined,,,,,,,,,,,,,,,,,,,,,,,,,,,,,,,,,,,,,,,,,,,,,,,,,,,,,,,,,
5,Bio,Biochip,Nano,,,,,,,,,,,,,,,,,,,,,,,,,,,,,,,,,,,,,,,,,,,,,,,,,,,,,,,
6,Microphone,Alarm,SoundLocator,,,,,,,,,,,,,,,,,,,,,,,,,,,,,,,,,,,,,,,,,,,,,,,,,,,,,,,
7,Microphone,Biochip,,,,,,,,,,,,,,,,,,,,,,,,,,,,,,,,,,,,,,,,,,,,,,,,,,,,,,,,
8,Bipfet,Calorimeter,ChemicalFieldEffectTransistor,CloudChamber,CylinderHeadTemperatureGauge,,,,,,,,,,,,,,,,,,,,,,,,,,,,,,,,,,,,,,,,,,,,,,,,,,,,,
9,AngularRate,Bolometer,BrakeFluidPressure,CamshaftPosition,CloudChamber,,,,,,,,,,,,,,,,,,,,,,,,,,,,,,,,,,,,,,,,,,,,,,,,,,,,,
10,Abs,Barometer,FullLevel,FullPressure,Proximity,,,,,,,,,,,,,,,,,,,,,,,,,,,,,,,,,,,,,,,,,,,,,,,,,,,,,
,,,,,,,,,,,,,,,,,,,,,,,,,,,,,,,,,,,,,,,,,,,,,,,,,,,,,,,,,,
Seguran√ßaPublica,,,,,,,,,,,,,,,,,,,,,,,,,,,,,,,,,,,,,,,,,,,,,,,,,,,,,,,,,,
11,Accelerometer,ActivePixel,Alarm,AnalogImageProcessing,AngleSensitivePixel,Auxanometer,BackIlluminated,Catadioptric,Cmos,Colorimeter,Flow,GasDetector,GroundSpeedRadar,Heartbeat,HookGaugeEvaporimeter,Hyperspectral,Image,ImageFormat,Impact,Intelligent,Leaf,Microbolometer,Microphone,MillimeterWaveScanner,MotionDetector,Nano,Occupancy,OmnidirectionalCamera,PassiveInfrared,Photoelectric,PiezoelectricAccelerometer,Position,Proximity,PushBroomScanner,QuartzThermometer,RangeImaging,Smartdust,Snotel,Grid,SoundLocator,StaringArray,StaringArray,Tactile,Thermocouple,TimeOfFlightCamera,UltraWidebandRadar,Video,VisualNetwork,WirelessNetwork,,,,,,,,,
,,,,,,,,,,,,,,,,,,,,,,,,,,,,,,,,,,,,,,,,,,,,,,,,,,,,,,,,,,
MobilidadeUrbana,,,,,,,,,,,,,,,,,,,,,,,,,,,,,,,,,,,,,,,,,,,,,,,,,,,,,,,,,,
12,Abs,Accelerometer,ActivePixel,AngleSensitivePixel,AnprWhereVehiclesAreTimedOverFixedDistance,AutomaticTransmissionSpeed,BlindSpotMonitor,BrakeFluidPressure,Capacitance,CapacitiveDisplacement,ChargeCoupledDevice,DisplacementReceiver,DopplerRadar,FreeFall,GroundSpeedRadar,HallEffect,Image,Microbolometer,Microphone,MotionDetector,Occupancy,Odometer,OmnidirectionalCamera,Parking,PassiveInfrared,Piezoelectric,PiezoelectricAccelerometer,Position,Radar,RadarGun,RangeImaging,Speedometers,StaringArray,Tachometer,TimeOfFlightCamera,TouchSwitch,UltraWidebandRadar,VehicleSpeed,VelocityReceiver,Video,WheelSpeed,,,,,,,,,,,,,,,,,
,,,,,,,,,,,,,,,,,,,,,,,,,,,,,,,,,,,,,,,,,,,,,,,,,,,,,,,,,,
EnergiaInteligente,,,,,,,,,,,,,,,,,,,,,,,,,,,,,,,,,,,,,,,,,,,,,,,,,,,,,,,,,,
13,Current,Galvanometer,Photodiode,ProportionalCounter,StrainGauge,TestLight,VoltageDetector,WheatstoneBridge,,,,,,,,,,,,,,,,,,,,,,,,,,,,,,,,,,,,,,,,,,,,,,,,,,
,,,,,,,,,,,,,,,,,,,,,,,,,,,,,,,,,,,,,,,,,,,,,,,,,,,,,,,,,,
CasasInteligentes,,,,,,,,,,,,,,,,,,,,,,,,,,,,,,,,,,,,,,,,,,,,,,,,,,,,,,,,,,
14,Accelerometer,Actigraphy,Alarm,AnalogImageProcessing,AngleSensitivePixel,BackIlluminated,Calorimeter,Capacitance,CapacitiveSensing,Catadioptric,Cmos,Colorimeter,Electroscope,Gyroscope,Gyroscopic,HeatFlux,Image,ImageFormat,IncrementalEncoder,InfraredThermometer,LedAsLight,Light,Microphone,MillimeterWaveScanner,MotionDetector,Occupancy,OmnidirectionalCamera,PassiveInfrared,Piezoelectric,Position,Pyrometer,QuartzThermometer,RangeImaging,ResistanceThermometer,SiliconBandgap,StaringArray,Temperature,TemperatureGauge,Thermocouple,Thermometer,TimeOfFlightCamera,TouchSwitch,UltraWidebandRadar,Video,,,,,,,,,,,,,,
,,,,,,,,,,,,,,,,,,,,,,,,,,,,,,,,,,,,,,,,,,,,,,,,,,,,,,,,,,
CampusInteligente,,,,,,,,,,,,,,,,,,,,,,,,,,,,,,,,,,,,,,,,,,,,,,,,,,,,,,,,,,
15,ActivePixel,AirFuelRatioMeter,Alarm,AnalogImageProcessing,Anemometer,AngleSensitivePixel,AnprWhereVehiclesAreTimedOverFixedDistance,BackIlluminated,BimetallicStrip,BlindSpotMonitor,Calorimeter,Catadioptric,Cmos,CurbFeeler,Current,ElectroOptical,Electroscope,FlameDetection,FlameDetector,Galvanometer,GardonGauge,GasDetector,GasMeter,HeatFlux,HeatFlux,Image,ImageFormat,InfraredThermometer,LedAsLight,Light,MillimeterWaveScanner,MotionDetector,Nano,NondispersiveInfrared,Occupancy,OmnidirectionalCamera,OmniviewTechnology,Optode,Oxygen,OzoneMonitor,Parking,PassiveInfrared,Proximity,Pyrgeometer,QuartzThermometer,RainGauge,RangeImaging,ResistanceThermometer,SiliconBandgapTemperature,SmokeDetector,StaringArray,TemperatureGauge,TestLight,Thermocouple,Thermometer,VoltageDetector,WheatstoneBridge,WirelessNetwork
,,,,,,,,,,,,,,,,,,,,,,,,,,,,,,,,,,,,,,,,,,,,,,,,,,,,,,,,,,
UndefinedDomain,,,,,,,,,,,,,,,,,,,,,,,,,,,,,,,,,,,,,,,,,,,,,,,,,,,,,,,,,,
16,Undefined,,,,,,,,,,,,,,,,,,,,,,,,,,,,,,,,,,,,,,,,,,,,,,,,,,,,,,,,,
,,,,,,,,,,,,,,,,,,,,,,,,,,,,,,,,,,,,,,,,,,,,,,,,,,,,,,,,,,
Agricultura,,,,,,,,,,,,,,,,,,,,,,,,,,,,,,,,,,,,,,,,,,,,,,,,,,,,,,,,,,
17,AirFlowMeter,Auxanometer,BackIlluminated,Barograph,Barometer,Biochip,Bio,BoostGauge,Calorimeter,CapacitanceProbe,FrequencyDomain,Humistor,Hydrometer,Hyperspectral,InfraredThermometer,Leaf,LedAsLight,Lysimeter,Nano,Pressure,PressureGauge,Psychrometer,Pyrometer,QuartzThermometer,ResistanceThermometer,SiliconBandgapTemperature,SoilMoisture,TemperatureGauge,Thermocouple,Thermometer,TimePressureGauge,UnattendedGround,WaterMeter,,,,,,,,,,,,,,,,,,,,,,,,,
,,,,,,,,,,,,,,,,,,,,,,,,,,,,,,,,,,,,,,,,,,,,,,,,,,,,,,,,,,
Logistica,,,,,,,,,,,,,,,,,,,,,,,,,,,,,,,,,,,,,,,,,,,,,,,,,,,,,,,,,,
18,Abs,Accelerometer,Afr,AirFlowMeter,AirFuelRatioMeter,ANPRWhereVehiclesAreTimedOverFixedDistance,AutomaticTransmissionSpeed,CapacitiveDisplacement,ChargeCoupledDevice,DisplacementReceiver,DopplerRadar,FreeFall,FuelLevel,FuelPressure,GroundSpeedRadar,Gyroscopic,HallEffect,Impact,IncrementalEncoder,LaserSurfaceVelocimeter,LaserSurfaceVelocimetersForMovingSurfaces,Level,MagneticLevelGauge,Odometer,OilLevel,PiezoelectricAccelerometer,Position,Proximity,RadarGun,Radar,ShockDetector,Speedometers,Tachometer,Triangulation,Ultrasonic,UltraWidebandRadar,VehicleSpeed,VelocityReceiver,WheelSpeed,,,,,,,,,,,,,,,,,,,
,,,,,,,,,,,,,,,,,,,,,,,,,,,,,,,,,,,,,,,,,,,,,,,,,,,,,,,,,,
ProcessosIndustriais,,,,,,,,,,,,,,,,,,,,,,,,,,,,,,,,,,,,,,,,,,,,,,,,,,,,,,,,,,
19,Abs,Accelerometer,Afr,AirFlowMeter,AirFuelRatioMeter,ANPRWhereVehiclesAreTimedOverFixedDistance,AutomaticTransmissionSpeed,BlindSpotMonitor,BoostGauge,BourdonGauge,CapacitiveDisplacement,ChargeCoupledDevice,CrankshaftPosition,CylinderHeadTemperatureGauge,EngineCrankcasePressure,FuelLevel,FuelPressure,Impact,Knock,LaserSurfaceVelocimeter,LaserSurfaceVelocimetersForMovingSurfaces,Level,MagneticLevelGauge,Map,MassFlow,MotionDetector,Nano,OilLevel,OilPressure,PassiveInfrared,PiezoelectricAccelerometer,Position,Pressure,PressureGauge,Proximity,ShockDetector,Tachometer,TirePressure,Ultrasonic,VariableReluctance,,,,,,,,,,,,,,,,,,
,,,,,,,,,,,,,,,,,,,,,,,,,,,,,,,,,,,,,,,,,,,,,,,,,,,,,,,,,,
MedicinaSaude,,,,,,,,,,,,,,,,,,,,,,,,,,,,,,,,,,,,,,,,,,,,,,,,,,,,,,,,,,
20,Accelerometer,Actigraphy,Bio,Biochip,Breathalyzer,DiffusionTensorImaging,FunctionalMagneticResonanceImaging,GroundSpeedRadar,Heartbeat,MagneticResonanceImaging,Nano,NanoTetherball,PiezoelectricAccelerometer,Location,,,,,,,,,,,,,,,,,,,,,,,,,,,,,,,,,,,,,,,,,,,,
,,,,,,,,,,,,,,,,,,,,,,,,,,,,,,,,,,,,,,,,,,,,,,,,,,,,,,,,,,
VidaIndependente,,,,,,,,,,,,,,,,,,,,,,,,,,,,,,,,,,,,,,,,,,,,,,,,,,,,,,,,,,
21,Actigraphy,Biochip,Bio,Cmos,FunctionalMagneticResonanceImaging,HallEffect,Heartbeat,Hyperspectral,MotionDetector,Nano,NanoTetherball,OmnidirectionalCamera,RangeImaging,Tactile,TimeOfFlightCamera,Video,,,,,,,,,,,,,,,,,,,,,,,,,,,,,,,,,,,,,,,,,,
