Dataset,IoTSubdomain(Entrada),Sensors,,,,,,,,,,,,,,,,,,,,,,,,,,,,,,,,,,,,,,,,,,,,,,,,,,,,,,,,,
1,SecurityPublic,Accelerometer,ActivePixel,Alarm,AnalogImageProcessing,AngleSensitivePixel,Auxanometer,BackIlluminated,Catadioptric,Cmos,Colorimeter,Flow,GasDetector,GroundSpeedRadar,Heartbeat,HookGaugeEvaporimeter,Hyperspectral,Image,ImageFormat,Impact,Intelligent,Leaf,Microbolometer,Microphone,MillimeterWaveScanner,MotionDetector,Nano,Occupancy,OmnidirectionalCamera,PassiveInfrared,PhotoElectric,PiezoElectricAccelerometer,Position,Proximity,PushBroomScanner,QuartzThermometer,RangeImaging,SmartDust,Snotel,Grid,SoundLocator,StaringArray,StaringArray,Tactile,Thermocouple,TimeOfFlightCamera,UltraWideBandRadar,Video,VisualNetwork,WirelessNetwork,,,,,,,,,
2,SecurityPublic,AngleSensitivePixel,Auxanometer,BackIlluminated,Catadioptric,Cmos,Colorimeter,Flow,GasDetector,GroundSpeedRadar,Heartbeat,HookGaugeEvaporimeter,Hyperspectral,Image,Intelligent,Leaf,Microbolometer,Microphone,MillimeterWaveScanner,MotionDetector,Nano,Occupancy,OmnidirectionalCamera,PassiveInfrared,Position,Proximity,PushBroomScanner,QuartzThermometer,RangeImaging,SmartDust,Snotel,Grid,SoundLocator,StaringArray,StaringArray,Tactile,Thermocouple,TimeOfFlightCamera,UltraWideBandRadar,Video,VisualNetwork,WirelessNetwork,,,,,,,,,,,,,,,,,
3,SecurityPublic,Accelerometer,ActivePixel,AngleSensitivePixel,Auxanometer,BackIlluminated,Catadioptric,Cmos,Colorimeter,Flow,GasDetector,GroundSpeedRadar,Heartbeat,HookGaugeEvaporimeter,Hyperspectral,Image,ImageFormat,Impact,Intelligent,Leaf,Microbolometer,Microphone,MillimeterWaveScanner,Occupancy,OmnidirectionalCamera,PassiveInfrared,PhotoElectric,PiezoElectricAccelerometer,Position,Proximity,PushBroomScanner,QuartzThermometer,RangeImaging,SmartDust,Snotel,Grid,SoundLocator,StaringArray,StaringArray,Tactile,Thermocouple,,,,,,,,,,,,,,,,,,
4,SecurityPublic,Accelerometer,AnalogImageProcessing,AngleSensitivePixel,Auxanometer,BackIlluminated,Catadioptric,Cmos,GasDetector,GroundSpeedRadar,Heartbeat,HookGaugeEvaporimeter,Hyperspectral,Image,ImageFormat,Impact,Intelligent,Leaf,Microbolometer,Microphone,Nano,Occupancy,OmnidirectionalCamera,PassiveInfrared,PhotoElectric,PiezoElectricAccelerometer,Position,Proximity,PushBroomScanner,QuartzThermometer,RangeImaging,SmartDust,Snotel,Grid,StaringArray,Tactile,Thermocouple,TimeOfFlightCamera,UltraWideBandRadar,Video,VisualNetwork,WirelessNetwork,,,,,,,,,,,,,,,,,
5,SecurityPublic,ActivePixel,Alarm,Auxanometer,BackIlluminated,Catadioptric,Cmos,Colorimeter,GroundSpeedRadar,Heartbeat,HookGaugeEvaporimeter,Hyperspectral,Image,ImageFormat,Impact,Intelligent,Leaf,Microbolometer,Microphone,MillimeterWaveScanner,Occupancy,OmnidirectionalCamera,PassiveInfrared,PhotoElectric,PiezoElectricAccelerometer,Position,Proximity,PushBroomScanner,QuartzThermometer,RangeImaging,SmartDust,Snotel,Grid,SoundLocator,StaringArray,StaringArray,Tactile,Thermocouple,TimeOfFlightCamera,UltraWideBandRadar,Video,,,,,,,,,,,,,,,,,,
6,SecurityPublic,Accelerometer,ActivePixel,Alarm,AnalogImageProcessing,AngleSensitivePixel,Colorimeter,Flow,GasDetector,GroundSpeedRadar,Heartbeat,HookGaugeEvaporimeter,Hyperspectral,Image,ImageFormat,Impact,Intelligent,Leaf,Microbolometer,Microphone,MillimeterWaveScanner,MotionDetector,Nano,Occupancy,OmnidirectionalCamera,PassiveInfrared,Position,Proximity,PushBroomScanner,QuartzThermometer,RangeImaging,SmartDust,Snotel,Grid,StaringArray,Tactile,Thermocouple,TimeOfFlightCamera,UltraWideBandRadar,Video,VisualNetwork,WirelessNetwork,,,,,,,,,,,,,,,,,
7,SecurityPublic,Flow,GasDetector,MotionDetector,Nano,Occupancy,OmnidirectionalCamera,PassiveInfrared,PhotoElectric,PiezoElectricAccelerometer,Position,Proximity,PushBroomScanner,QuartzThermometer,RangeImaging,SmartDust,Snotel,Grid,SoundLocator,Tactile,Thermocouple,TimeOfFlightCamera,UltraWideBandRadar,Video,VisualNetwork,,,,,,,,,,,,,,,,,,,,,,,,,,,,,,,,,,
8,SecurityPublic,Impact,QuartzThermometer,RangeImaging,SmartDust,Snotel,Grid,SoundLocator,StaringArray,StaringArray,Tactile,Thermocouple,TimeOfFlightCamera,UltraWideBandRadar,,,,,,,,,,,,,,,,,,,,,,,,,,,,,,,,,,,,,,,,,,,,,
9,SecurityPublic,AnalogImageProcessing,AngleSensitivePixel,Auxanometer,BackIlluminated,Microphone,MillimeterWaveScanner,MotionDetector,Nano,Occupancy,OmnidirectionalCamera,PassiveInfrared,PhotoElectric,PiezoElectricAccelerometer,Position,Proximity,PushBroomScanner,QuartzThermometer,RangeImaging,SmartDust,Snotel,Grid,SoundLocator,StaringArray,StaringArray,Tactile,Thermocouple,TimeOfFlightCamera,WirelessNetwork,,,,,,,,,,,,,,,,,,,,,,,,,,,,,,
10,SecurityPublic,Accelerometer,ActivePixel,Colorimeter,RangeImaging,SmartDust,Snotel,Grid,SoundLocator,UltraWideBandRadar,Video,VisualNetwork,WirelessNetwork,,,,,,,,,,,,,,,,,,,,,,,,,,,,,,,,,,,,,,,,,,,,,,
11,SecurityPublic,Accelerometer,ActivePixel,Alarm,AnalogImageProcessing,PassiveInfrared,PhotoElectric,PiezoElectricAccelerometer,Position,Proximity,PushBroomScanner,QuartzThermometer,RangeImaging,SmartDust,Snotel,Grid,StaringArray,StaringArray,Tactile,Thermocouple,UltraWideBandRadar,,,,,,,,,,,,,,,,,,,,,,,,,,,,,,,,,,,,,,
12,SecurityPublic,Auxanometer,BackIlluminated,Heartbeat,HookGaugeEvaporimeter,Hyperspectral,Image,ImageFormat,MillimeterWaveScanner,MotionDetector,RangeImaging,SmartDust,Snotel,,,,,,,,,,,,,,,,,,,,,,,,,,,,,,,,,,,,,,,,,,,,,,
13,UrbanMobility,Abs,Accelerometer,ActivePixel,AngleSensitivePixel,AnprWhereVehiclesAreTimedOverFixedDistance,AutomaticTransmissionSpeed,BlindSpotMonitor,BrakeFluidPressure,Capacitance,CapacitiveDisplacement,ChargeCoupledDevice,DisplacementReceiver,DopplerRadar,FreeFall,GroundSpeedRadar,HallEffect,Image,Microbolometer,Microphone,MotionDetector,Occupancy,Odometer,OmnidirectionalCamera,Parking,PassiveInfrared,PiezoElectric,PiezoElectricAccelerometer,Position,Radar,RadarGun,RangeImaging,Speedometers,StaringArray,Tachometer,TimeOfFlightCamera,TouchSwitch,UltraWideBandRadar,VehicleSpeed,VelocityReceiver,Video,WheelSpeed,,,,,,,,,,,,,,,,,
14,UrbanMobility,ActivePixel,AngleSensitivePixel,AnprWhereVehiclesAreTimedOverFixedDistance,AutomaticTransmissionSpeed,BlindSpotMonitor,BrakeFluidPressure,Capacitance,CapacitiveDisplacement,ChargeCoupledDevice,DisplacementReceiver,DopplerRadar,FreeFall,GroundSpeedRadar,HallEffect,Image,Microbolometer,Occupancy,Odometer,OmnidirectionalCamera,Parking,PassiveInfrared,PiezoElectric,PiezoElectricAccelerometer,Position,Radar,RadarGun,RangeImaging,Speedometers,StaringArray,Tachometer,TimeOfFlightCamera,TouchSwitch,UltraWideBandRadar,VehicleSpeed,VelocityReceiver,Video,,,,,,,,,,,,,,,,,,,,,,
15,UrbanMobility,Abs,Accelerometer,AnprWhereVehiclesAreTimedOverFixedDistance,AutomaticTransmissionSpeed,BlindSpotMonitor,BrakeFluidPressure,Capacitance,CapacitiveDisplacement,ChargeCoupledDevice,DisplacementReceiver,DopplerRadar,HallEffect,Image,Microbolometer,Microphone,MotionDetector,Occupancy,Odometer,OmnidirectionalCamera,Parking,PassiveInfrared,PiezoElectric,PiezoElectricAccelerometer,Position,Radar,Speedometers,StaringArray,Tachometer,TimeOfFlightCamera,TouchSwitch,UltraWideBandRadar,VehicleSpeed,VelocityReceiver,Video,,,,,,,,,,,,,,,,,,,,,,,,
16,UrbanMobility,ActivePixel,AngleSensitivePixel,AnprWhereVehiclesAreTimedOverFixedDistance,AutomaticTransmissionSpeed,BlindSpotMonitor,BrakeFluidPressure,Capacitance,CapacitiveDisplacement,ChargeCoupledDevice,DisplacementReceiver,DopplerRadar,FreeFall,GroundSpeedRadar,HallEffect,Image,Microbolometer,Occupancy,Odometer,OmnidirectionalCamera,Parking,PassiveInfrared,PiezoElectric,PiezoElectricAccelerometer,Position,Radar,RadarGun,RangeImaging,Speedometers,StaringArray,Tachometer,TimeOfFlightCamera,TouchSwitch,Video,,,,,,,,,,,,,,,,,,,,,,,,,
17,UrbanMobility,Accelerometer,ActivePixel,AngleSensitivePixel,AnprWhereVehiclesAreTimedOverFixedDistance,AutomaticTransmissionSpeed,BlindSpotMonitor,BrakeFluidPressure,Capacitance,CapacitiveDisplacement,ChargeCoupledDevice,DisplacementReceiver,DopplerRadar,FreeFall,GroundSpeedRadar,HallEffect,Image,Microbolometer,Microphone,Odometer,OmnidirectionalCamera,Parking,PassiveInfrared,PiezoElectric,PiezoElectricAccelerometer,Position,Radar,RadarGun,RangeImaging,Speedometers,StaringArray,Tachometer,TimeOfFlightCamera,TouchSwitch,UltraWideBandRadar,VehicleSpeed,VelocityReceiver,WheelSpeed,,,,,,,,,,,,,,,,,,,,,
18,UrbanMobility,Abs,AngleSensitivePixel,AnprWhereVehiclesAreTimedOverFixedDistance,AutomaticTransmissionSpeed,BlindSpotMonitor,BrakeFluidPressure,ChargeCoupledDevice,DisplacementReceiver,DopplerRadar,FreeFall,GroundSpeedRadar,HallEffect,Image,Microbolometer,Microphone,MotionDetector,Occupancy,Odometer,OmnidirectionalCamera,Parking,PassiveInfrared,PiezoElectric,PiezoElectricAccelerometer,Position,Radar,RadarGun,RangeImaging,Speedometers,StaringArray,Tachometer,TimeOfFlightCamera,TouchSwitch,UltraWideBandRadar,VehicleSpeed,VelocityReceiver,,,,,,,,,,,,,,,,,,,,,,,
19,UrbanMobility,AnprWhereVehiclesAreTimedOverFixedDistance,BlindSpotMonitor,BrakeFluidPressure,Capacitance,CapacitiveDisplacement,ChargeCoupledDevice,DisplacementReceiver,DopplerRadar,FreeFall,GroundSpeedRadar,HallEffect,Image,Microbolometer,Microphone,MotionDetector,Occupancy,Odometer,OmnidirectionalCamera,Parking,PassiveInfrared,PiezoElectric,PiezoElectricAccelerometer,Position,Radar,RadarGun,RangeImaging,Speedometers,StaringArray,Tachometer,TimeOfFlightCamera,TouchSwitch,UltraWideBandRadar,VehicleSpeed,VelocityReceiver,Video,WheelSpeed,,,,,,,,,,,,,,,,,,,,,,
20,UrbanMobility,Abs,AutomaticTransmissionSpeed,BlindSpotMonitor,BrakeFluidPressure,Capacitance,CapacitiveDisplacement,ChargeCoupledDevice,DisplacementReceiver,DopplerRadar,FreeFall,GroundSpeedRadar,HallEffect,Image,Microbolometer,Microphone,MotionDetector,Occupancy,Odometer,OmnidirectionalCamera,Parking,PassiveInfrared,PiezoElectric,PiezoElectricAccelerometer,Position,Radar,RadarGun,RangeImaging,Speedometers,StaringArray,Tachometer,TimeOfFlightCamera,TouchSwitch,,,,,,,,,,,,,,,,,,,,,,,,,,
21,UrbanMobility,Abs,Accelerometer,ActivePixel,AngleSensitivePixel,AnprWhereVehiclesAreTimedOverFixedDistance,DisplacementReceiver,DopplerRadar,FreeFall,GroundSpeedRadar,HallEffect,Image,Microbolometer,Microphone,MotionDetector,Occupancy,Odometer,OmnidirectionalCamera,Parking,PassiveInfrared,PiezoElectric,PiezoElectricAccelerometer,Position,Radar,RadarGun,RangeImaging,Speedometers,VelocityReceiver,,,,,,,,,,,,,,,,,,,,,,,,,,,,,,,
22,UrbanMobility,Abs,Accelerometer,ActivePixel,AngleSensitivePixel,AnprWhereVehiclesAreTimedOverFixedDistance,AutomaticTransmissionSpeed,BlindSpotMonitor,BrakeFluidPressure,Microbolometer,Microphone,MotionDetector,Occupancy,Odometer,OmnidirectionalCamera,Parking,PassiveInfrared,PiezoElectric,PiezoElectricAccelerometer,Position,Radar,RadarGun,RangeImaging,Speedometers,UltraWideBandRadar,VehicleSpeed,VelocityReceiver,Video,WheelSpeed,,,,,,,,,,,,,,,,,,,,,,,,,,,,,,
23,UrbanMobility,Abs,Accelerometer,ActivePixel,AngleSensitivePixel,AnprWhereVehiclesAreTimedOverFixedDistance,AutomaticTransmissionSpeed,ChargeCoupledDevice,DisplacementReceiver,DopplerRadar,FreeFall,GroundSpeedRadar,HallEffect,Image,Microbolometer,Microphone,MotionDetector,Occupancy,PiezoElectricAccelerometer,Position,Radar,RadarGun,UltraWideBandRadar,VehicleSpeed,VelocityReceiver,Video,WheelSpeed,,,,,,,,,,,,,,,,,,,,,,,,,,,,,,,,
24,UrbanMobility,Abs,Accelerometer,ActivePixel,AngleSensitivePixel,AnprWhereVehiclesAreTimedOverFixedDistance,AutomaticTransmissionSpeed,BlindSpotMonitor,BrakeFluidPressure,Capacitance,CapacitiveDisplacement,ChargeCoupledDevice,DisplacementReceiver,DopplerRadar,FreeFall,GroundSpeedRadar,HallEffect,Image,Microbolometer,Microphone,MotionDetector,Occupancy,TouchSwitch,UltraWideBandRadar,VehicleSpeed,VelocityReceiver,Video,WheelSpeed,,,,,,,,,,,,,,,,,,,,,,,,,,,,,,,
25,SmartGrid,Current,Galvanometer,PhotoDiode,ProportionalCounter,StrainGauge,TestLight,VoltageDetector,WheatstoneBridge,ChargeCoupledDevice,DisplacementReceiver,DopplerRadar,FreeFall,GroundSpeedRadar,HallEffect,,,,,,,,,,,,,,,,,,,,,,,,,,,,,,,,,,,,,,,,,,,,
26,SmartGrid,Current,PhotoDiode,ProportionalCounter,StrainGauge,TestLight,VoltageDetector,WheatstoneBridge,ChargeCoupledDevice,DisplacementReceiver,DopplerRadar,FreeFall,GroundSpeedRadar,HallEffect,,,,,,,,,,,,,,,,,,,,,,,,,,,,,,,,,,,,,,,,,,,,,
27,SmartGrid,Current,Galvanometer,ProportionalCounter,StrainGauge,TestLight,VoltageDetector,WheatstoneBridge,ChargeCoupledDevice,DisplacementReceiver,DopplerRadar,FreeFall,GroundSpeedRadar,HallEffect,,,,,,,,,,,,,,,,,,,,,,,,,,,,,,,,,,,,,,,,,,,,,
28,SmartGrid,Current,Galvanometer,PhotoDiode,StrainGauge,TestLight,VoltageDetector,WheatstoneBridge,ChargeCoupledDevice,DisplacementReceiver,DopplerRadar,FreeFall,GroundSpeedRadar,HallEffect,,,,,,,,,,,,,,,,,,,,,,,,,,,,,,,,,,,,,,,,,,,,,
29,SmartGrid,Current,Galvanometer,PhotoDiode,ProportionalCounter,StrainGauge,TestLight,WheatstoneBridge,ChargeCoupledDevice,DisplacementReceiver,DopplerRadar,FreeFall,GroundSpeedRadar,HallEffect,,,,,,,,,,,,,,,,,,,,,,,,,,,,,,,,,,,,,,,,,,,,,
30,SmartGrid,Current,Galvanometer,PhotoDiode,ProportionalCounter,StrainGauge,TestLight,VoltageDetector,ChargeCoupledDevice,DisplacementReceiver,DopplerRadar,FreeFall,GroundSpeedRadar,HallEffect,,,,,,,,,,,,,,,,,,,,,,,,,,,,,,,,,,,,,,,,,,,,,
31,SmartGrid,Galvanometer,PhotoDiode,ProportionalCounter,StrainGauge,TestLight,VoltageDetector,WheatstoneBridge,ChargeCoupledDevice,DisplacementReceiver,DopplerRadar,FreeFall,GroundSpeedRadar,HallEffect,,,,,,,,,,,,,,,,,,,,,,,,,,,,,,,,,,,,,,,,,,,,,
32,SmartGrid,PhotoDiode,ProportionalCounter,StrainGauge,TestLight,VoltageDetector,WheatstoneBridge,ChargeCoupledDevice,DisplacementReceiver,DopplerRadar,FreeFall,GroundSpeedRadar,HallEffect,,,,,,,,,,,,,,,,,,,,,,,,,,,,,,,,,,,,,,,,,,,,,,
33,SmartGrid,ProportionalCounter,StrainGauge,TestLight,VoltageDetector,WheatstoneBridge,ChargeCoupledDevice,DisplacementReceiver,DopplerRadar,FreeFall,GroundSpeedRadar,HallEffect,,,,,,,,,,,,,,,,,,,,,,,,,,,,,,,,,,,,,,,,,,,,,,,
34,SmartGrid,Current,VoltageDetector,WheatstoneBridge,ChargeCoupledDevice,DisplacementReceiver,DopplerRadar,FreeFall,GroundSpeedRadar,HallEffect,,,,,,,,,,,,,,,,,,,,,,,,,,,,,,,,,,,,,,,,,,,,,,,,,
35,SmartGrid,Current,Galvanometer,PhotoDiode,WheatstoneBridge,ChargeCoupledDevice,DisplacementReceiver,DopplerRadar,FreeFall,GroundSpeedRadar,HallEffect,,,,,,,,,,,,,,,,,,,,,,,,,,,,,,,,,,,,,,,,,,,,,,,,
36,SmartGrid,Current,Galvanometer,PhotoDiode,ProportionalCounter,ChargeCoupledDevice,DisplacementReceiver,DopplerRadar,FreeFall,GroundSpeedRadar,HallEffect,,,,,,,,,,,,,,,,,,,,,,,,,,,,,,,,,,,,,,,,,,,,,,,,
37,SmartHome,Capacitance,CapacitiveSensing,Catadioptric,Cmos,Colorimeter,Electroscope,Gyroscope,Gyroscopic,HeatFlux,Image,ImageFormat,IncrementalEncoder,InfraredThermometer,LedAsLight,Light,Microphone,MillimeterWaveScanner,,,,,,,,,,,,,,,,,,,,,,,,,,,,,,,,,,,,,,,,,
38,SmartHome,Catadioptric,Cmos,Colorimeter,Electroscope,Gyroscope,Gyroscopic,HeatFlux,Image,ImageFormat,IncrementalEncoder,InfraredThermometer,LedAsLight,Light,Microphone,MillimeterWaveScanner,,,,,,,,,,,,,,,,,,,,,,,,,,,,,,,,,,,,,,,,,,,
39,SmartHome,CapacitiveSensing,Catadioptric,Cmos,Colorimeter,Electroscope,Gyroscopic,HeatFlux,Image,ImageFormat,IncrementalEncoder,InfraredThermometer,LedAsLight,Light,Microphone,MillimeterWaveScanner,,,,,,,,,,,,,,,,,,,,,,,,,,,,,,,,,,,,,,,,,,,
40,SmartHome,Capacitance,Catadioptric,Cmos,Colorimeter,Electroscope,Gyroscope,Gyroscopic,HeatFlux,Image,ImageFormat,IncrementalEncoder,InfraredThermometer,LedAsLight,Light,Microphone,MillimeterWaveScanner,,,,,,,,,,,,,,,,,,,,,,,,,,,,,,,,,,,,,,,,,,
41,SmartHome,Capacitance,CapacitiveSensing,Catadioptric,Cmos,Colorimeter,Electroscope,HeatFlux,Image,ImageFormat,IncrementalEncoder,InfraredThermometer,LedAsLight,Light,Microphone,MillimeterWaveScanner,,,,,,,,,,,,,,,,,,,,,,,,,,,,,,,,,,,,,,,,,,,
42,SmartHome,Cmos,Colorimeter,Electroscope,Gyroscope,Gyroscopic,HeatFlux,Image,ImageFormat,IncrementalEncoder,InfraredThermometer,LedAsLight,Light,Microphone,MillimeterWaveScanner,,,,,,,,,,,,,,,,,,,,,,,,,,,,,,,,,,,,,,,,,,,,
43,SmartHome,Cmos,Colorimeter,Electroscope,Gyroscope,Gyroscopic,HeatFlux,Image,ImageFormat,IncrementalEncoder,InfraredThermometer,LedAsLight,Light,Microphone,,,,,,,,,,,,,,,,,,,,,,,,,,,,,,,,,,,,,,,,,,,,,
44,SmartHome,Capacitance,CapacitiveSensing,Catadioptric,Cmos,Colorimeter,Electroscope,Gyroscope,Gyroscopic,HeatFlux,Image,ImageFormat,IncrementalEncoder,Microphone,MillimeterWaveScanner,,,,,,,,,,,,,,,,,,,,,,,,,,,,,,,,,,,,,,,,,,,,
45,SmartHome,Capacitance,CapacitiveSensing,Catadioptric,Cmos,Colorimeter,Electroscope,Gyroscope,InfraredThermometer,LedAsLight,Light,Microphone,MillimeterWaveScanner,,,,,,,,,,,,,,,,,,,,,,,,,,,,,,,,,,,,,,,,,,,,,,
46,SmartHome,Capacitance,CapacitiveSensing,Catadioptric,Cmos,HeatFlux,Image,ImageFormat,IncrementalEncoder,InfraredThermometer,LedAsLight,Light,Microphone,MillimeterWaveScanner,,,,,,,,,,,,,,,,,,,,,,,,,,,,,,,,,,,,,,,,,,,,,
47,SmartHome,Capacitance,CapacitiveSensing,Catadioptric,Cmos,Colorimeter,Electroscope,HeatFlux,Image,ImageFormat,IncrementalEncoder,InfraredThermometer,LedAsLight,Light,Microphone,,,,,,,,,,,,,,,,,,,,,,,,,,,,,,,,,,,,,,,,,,,,
48,SmartHome,CapacitiveSensing,Catadioptric,Cmos,Colorimeter,Electroscope,Gyroscope,Gyroscopic,HeatFlux,Image,ImageFormat,IncrementalEncoder,InfraredThermometer,LedAsLight,,,,,,,,,,,,,,,,,,,,,,,,,,,,,,,,,,,,,,,,,,,,,
49,SmartCampus,ActivePixel,AirFuelRatioMeter,Alarm,AnalogImageProcessing,Anemometer,AngleSensitivePixel,AnprWhereVehiclesAreTimedOverFixedDistance,BackIlluminated,BimetallicStrip,BlindSpotMonitor,Calorimeter,Catadioptric,Cmos,CurbFeeler,Current,ElectroOptical,Electroscope,FlameDetection,FlameDetector,Galvanometer,GardonGauge,GasDetector,GasMeter,HeatFlux,HeatFlux,Image,ImageFormat,InfraredThermometer,LedAsLight,Light,MillimeterWaveScanner,MotionDetector,Nano,NondispersiveInfrared,Occupancy,OmnidirectionalCamera,OmniviewTechnology,Optode,Oxygen,OzoneMonitor,Parking,PassiveInfrared,Proximity,Pyrgeometer,QuartzThermometer,RainGauge,RangeImaging,ResistanceThermometer,SiliconBandgapTemperature,SmokeDetector,StaringArray,TemperatureGauge,TestLight,Thermocouple,Thermometer,VoltageDetector,WheatstoneBridge,WirelessNetwork
50,SmartCampus,Alarm,AnalogImageProcessing,Anemometer,AngleSensitivePixel,AnprWhereVehiclesAreTimedOverFixedDistance,BackIlluminated,BimetallicStrip,BlindSpotMonitor,Calorimeter,Catadioptric,Cmos,CurbFeeler,Current,ElectroOptical,Electroscope,FlameDetection,FlameDetector,Galvanometer,GardonGauge,GasDetector,GasMeter,HeatFlux,HeatFlux,Image,ImageFormat,InfraredThermometer,LedAsLight,Light,MillimeterWaveScanner,MotionDetector,Nano,NondispersiveInfrared,Occupancy,OmnidirectionalCamera,OmniviewTechnology,Optode,Oxygen,OzoneMonitor,Parking,PassiveInfrared,Proximity,Pyrgeometer,QuartzThermometer,RainGauge,RangeImaging,ResistanceThermometer,SiliconBandgapTemperature,SmokeDetector,StaringArray,TemperatureGauge,TestLight,Thermocouple,Thermometer,VoltageDetector,WheatstoneBridge,WirelessNetwork,,
51,SmartCampus,Alarm,AnalogImageProcessing,Anemometer,AngleSensitivePixel,BimetallicStrip,BlindSpotMonitor,Calorimeter,Catadioptric,Cmos,CurbFeeler,Current,ElectroOptical,Electroscope,FlameDetection,FlameDetector,Galvanometer,GardonGauge,GasDetector,GasMeter,HeatFlux,HeatFlux,Image,ImageFormat,InfraredThermometer,LedAsLight,Light,MillimeterWaveScanner,MotionDetector,Nano,NondispersiveInfrared,Occupancy,OmnidirectionalCamera,OmniviewTechnology,Optode,Oxygen,OzoneMonitor,Parking,PassiveInfrared,Proximity,Pyrgeometer,QuartzThermometer,RainGauge,RangeImaging,ResistanceThermometer,SiliconBandgapTemperature,SmokeDetector,StaringArray,TemperatureGauge,TestLight,Thermocouple,Thermometer,VoltageDetector,WheatstoneBridge,WirelessNetwork,,,,
52,SmartCampus,ActivePixel,AirFuelRatioMeter,Alarm,AngleSensitivePixel,AnprWhereVehiclesAreTimedOverFixedDistance,Current,ElectroOptical,Electroscope,FlameDetection,FlameDetector,Galvanometer,GardonGauge,GasDetector,GasMeter,HeatFlux,HeatFlux,Image,ImageFormat,InfraredThermometer,LedAsLight,Light,MillimeterWaveScanner,MotionDetector,Nano,NondispersiveInfrared,Occupancy,Parking,PassiveInfrared,Proximity,Pyrgeometer,QuartzThermometer,RainGauge,RangeImaging,ResistanceThermometer,SiliconBandgapTemperature,Thermometer,VoltageDetector,WheatstoneBridge,WirelessNetwork,,,,,,,,,,,,,,,,,,,
53,SmartCampus,ActivePixel,AirFuelRatioMeter,Alarm,AnalogImageProcessing,Anemometer,AngleSensitivePixel,AnprWhereVehiclesAreTimedOverFixedDistance,Current,ElectroOptical,Electroscope,FlameDetection,FlameDetector,Galvanometer,GardonGauge,GasDetector,GasMeter,HeatFlux,HeatFlux,Image,ImageFormat,InfraredThermometer,LedAsLight,Light,MillimeterWaveScanner,MotionDetector,Nano,NondispersiveInfrared,Occupancy,Parking,PassiveInfrared,Proximity,Pyrgeometer,QuartzThermometer,RainGauge,RangeImaging,ResistanceThermometer,SiliconBandgapTemperature,Thermometer,VoltageDetector,WheatstoneBridge,WirelessNetwork,,,,,,,,,,,,,,,,,
54,SmartCampus,ActivePixel,Alarm,Anemometer,AngleSensitivePixel,AnprWhereVehiclesAreTimedOverFixedDistance,BackIlluminated,BimetallicStrip,BlindSpotMonitor,Calorimeter,Catadioptric,Cmos,CurbFeeler,Current,ElectroOptical,Electroscope,FlameDetection,FlameDetector,Galvanometer,GardonGauge,GasDetector,GasMeter,HeatFlux,HeatFlux,Image,ImageFormat,InfraredThermometer,LedAsLight,Light,MillimeterWaveScanner,MotionDetector,Nano,NondispersiveInfrared,Occupancy,OmnidirectionalCamera,OmniviewTechnology,Optode,Oxygen,OzoneMonitor,Parking,PassiveInfrared,Proximity,Pyrgeometer,QuartzThermometer,RainGauge,RangeImaging,ResistanceThermometer,SiliconBandgapTemperature,SmokeDetector,StaringArray,TemperatureGauge,TestLight,Thermocouple,Thermometer,VoltageDetector,WheatstoneBridge,,,
55,SmartCampus,Anemometer,AngleSensitivePixel,AnprWhereVehiclesAreTimedOverFixedDistance,BackIlluminated,BimetallicStrip,BlindSpotMonitor,Calorimeter,Catadioptric,Cmos,CurbFeeler,Current,ElectroOptical,Electroscope,FlameDetection,FlameDetector,Galvanometer,GardonGauge,GasDetector,Light,MillimeterWaveScanner,MotionDetector,Nano,NondispersiveInfrared,Occupancy,OmnidirectionalCamera,OmniviewTechnology,Optode,Oxygen,OzoneMonitor,Parking,PassiveInfrared,Proximity,Pyrgeometer,QuartzThermometer,RainGauge,TemperatureGauge,TestLight,Thermocouple,Thermometer,VoltageDetector,WheatstoneBridge,WirelessNetwork,,,,,,,,,,,,,,,,
56,SmartCampus,ActivePixel,AirFuelRatioMeter,Alarm,AnalogImageProcessing,Anemometer,AngleSensitivePixel,AnprWhereVehiclesAreTimedOverFixedDistance,BackIlluminated,BimetallicStrip,BlindSpotMonitor,Calorimeter,Catadioptric,Cmos,CurbFeeler,Current,ElectroOptical,Electroscope,FlameDetection,FlameDetector,Galvanometer,GardonGauge,GasDetector,GasMeter,HeatFlux,HeatFlux,Image,ImageFormat,InfraredThermometer,LedAsLight,Light,MillimeterWaveScanner,OmnidirectionalCamera,OmniviewTechnology,Optode,Oxygen,OzoneMonitor,Parking,PassiveInfrared,StaringArray,TemperatureGauge,TestLight,Thermocouple,Thermometer,VoltageDetector,WheatstoneBridge,WirelessNetwork,,,,,,,,,,,,
57,SmartCampus,ActivePixel,AirFuelRatioMeter,Alarm,AnalogImageProcessing,Anemometer,AngleSensitivePixel,AnprWhereVehiclesAreTimedOverFixedDistance,BackIlluminated,BimetallicStrip,BlindSpotMonitor,Calorimeter,Catadioptric,Cmos,CurbFeeler,Current,ElectroOptical,Electroscope,FlameDetection,FlameDetector,Nano,NondispersiveInfrared,Occupancy,OmnidirectionalCamera,OmniviewTechnology,Optode,Oxygen,OzoneMonitor,Parking,PassiveInfrared,Proximity,Pyrgeometer,QuartzThermometer,RainGauge,RangeImaging,ResistanceThermometer,SiliconBandgapTemperature,SmokeDetector,StaringArray,TemperatureGauge,TestLight,Thermocouple,Thermometer,VoltageDetector,,,,,,,,,,,,,,,
58,SmartCampus,ActivePixel,AirFuelRatioMeter,Alarm,AnalogImageProcessing,Anemometer,AngleSensitivePixel,AnprWhereVehiclesAreTimedOverFixedDistance,BackIlluminated,BimetallicStrip,BlindSpotMonitor,Calorimeter,Catadioptric,Cmos,CurbFeeler,Current,ElectroOptical,Electroscope,FlameDetection,FlameDetector,Galvanometer,GardonGauge,GasDetector,GasMeter,HeatFlux,HeatFlux,Image,ImageFormat,InfraredThermometer,LedAsLight,Light,MillimeterWaveScanner,MotionDetector,Nano,NondispersiveInfrared,Occupancy,OmnidirectionalCamera,OmniviewTechnology,Optode,Oxygen,OzoneMonitor,Parking,PassiveInfrared,,,,,,,,,,,,,,,,
59,SmartCampus,Anemometer,AngleSensitivePixel,AnprWhereVehiclesAreTimedOverFixedDistance,BackIlluminated,BimetallicStrip,BlindSpotMonitor,Calorimeter,Catadioptric,Cmos,CurbFeeler,Current,ElectroOptical,Electroscope,FlameDetection,FlameDetector,Galvanometer,GardonGauge,GasDetector,GasMeter,HeatFlux,HeatFlux,Image,ImageFormat,InfraredThermometer,LedAsLight,Light,MillimeterWaveScanner,MotionDetector,Nano,NondispersiveInfrared,Occupancy,OmnidirectionalCamera,OmniviewTechnology,Optode,Oxygen,OzoneMonitor,Parking,PassiveInfrared,Proximity,Pyrgeometer,QuartzThermometer,RainGauge,RangeImaging,ResistanceThermometer,SiliconBandgapTemperature,SmokeDetector,StaringArray,TemperatureGauge,TestLight,Thermocouple,Thermometer,VoltageDetector,,,,,,
60,SmartCampus,ActivePixel,AirFuelRatioMeter,Alarm,AnalogImageProcessing,Anemometer,Catadioptric,Cmos,CurbFeeler,Current,ElectroOptical,Electroscope,FlameDetection,FlameDetector,Galvanometer,GardonGauge,GasDetector,GasMeter,HeatFlux,HeatFlux,Image,ImageFormat,InfraredThermometer,LedAsLight,Light,MillimeterWaveScanner,Optode,Oxygen,OzoneMonitor,Parking,PassiveInfrared,Proximity,Pyrgeometer,QuartzThermometer,RainGauge,RangeImaging,ResistanceThermometer,SiliconBandgapTemperature,SmokeDetector,StaringArray,TemperatureGauge,TestLight,Thermocouple,Thermometer,VoltageDetector,WheatstoneBridge,,,,,,,,,,,,,
61,Undefined,Undefined,,,,,,,,,,,,,,,,,,,,,,,,,,,,,,,,,,,,,,,,,,,,,,,,,,,,,,,,,
62,Agriculture,AirFlowMeter,Auxanometer,BackIlluminated,Barograph,Barometer,Biochip,Bio,BoostGauge,Calorimeter,CapacitanceProbe,FrequencyDomain,Humistor,Hydrometer,Hyperspectral,InfraredThermometer,Leaf,LedAsLight,Lysimeter,Nano,Pressure,PressureGauge,Psychrometer,Pyrometer,QuartzThermometer,ResistanceThermometer,SiliconBandgapTemperature,SoilMoisture,TemperatureGauge,Thermocouple,Thermometer,TimePressureGauge,UnattendedGround,WaterMeter,,,,,,,,,,,,,,,,,,,,,,,,,
63,Agriculture,BackIlluminated,Barograph,Barometer,Biochip,Bio,BoostGauge,Calorimeter,CapacitanceProbe,FrequencyDomain,Humistor,Hydrometer,Hyperspectral,InfraredThermometer,Leaf,LedAsLight,Lysimeter,Nano,Pressure,ResistanceThermometer,SiliconBandgapTemperature,SoilMoisture,TemperatureGauge,Thermocouple,Thermometer,TimePressureGauge,UnattendedGround,,,,,,,,,,,,,,,,,,,,,,,,,,,,,,,,
64,Agriculture,AirFlowMeter,Auxanometer,Bio,BoostGauge,Calorimeter,CapacitanceProbe,FrequencyDomain,Humistor,Hydrometer,Hyperspectral,InfraredThermometer,Leaf,LedAsLight,Lysimeter,Nano,Pressure,Pyrometer,QuartzThermometer,ResistanceThermometer,SiliconBandgapTemperature,SoilMoisture,TemperatureGauge,Thermocouple,Thermometer,TimePressureGauge,UnattendedGround,WaterMeter,,,,,,,,,,,,,,,,,,,,,,,,,,,,,,,
65,Agriculture,AirFlowMeter,Calorimeter,CapacitanceProbe,FrequencyDomain,Humistor,Hydrometer,Hyperspectral,InfraredThermometer,Leaf,LedAsLight,Lysimeter,Nano,Pressure,PressureGauge,Psychrometer,ResistanceThermometer,SiliconBandgapTemperature,SoilMoisture,TemperatureGauge,Thermocouple,Thermometer,TimePressureGauge,UnattendedGround,WaterMeter,,,,,,,,,,,,,,,,,,,,,,,,,,,,,,,,,,
66,Agriculture,AirFlowMeter,Auxanometer,BackIlluminated,Hydrometer,Hyperspectral,InfraredThermometer,Leaf,LedAsLight,Lysimeter,Nano,Pressure,PressureGauge,Psychrometer,Pyrometer,QuartzThermometer,ResistanceThermometer,SiliconBandgapTemperature,SoilMoisture,TemperatureGauge,Thermocouple,Thermometer,TimePressureGauge,UnattendedGround,WaterMeter,,,,,,,,,,,,,,,,,,,,,,,,,,,,,,,,,,
67,Agriculture,AirFlowMeter,Auxanometer,BackIlluminated,Barograph,Barometer,Biochip,Bio,Leaf,LedAsLight,Lysimeter,Nano,Pressure,PressureGauge,Psychrometer,Pyrometer,QuartzThermometer,ResistanceThermometer,SiliconBandgapTemperature,SoilMoisture,TemperatureGauge,Thermocouple,Thermometer,,,,,,,,,,,,,,,,,,,,,,,,,,,,,,,,,,,,
68,Agriculture,Biochip,Bio,BoostGauge,Calorimeter,CapacitanceProbe,FrequencyDomain,Humistor,Hydrometer,Hyperspectral,InfraredThermometer,Leaf,LedAsLight,Lysimeter,Nano,Pressure,PressureGauge,Psychrometer,Pyrometer,QuartzThermometer,ResistanceThermometer,SiliconBandgapTemperature,SoilMoisture,TemperatureGauge,Thermocouple,Thermometer,TimePressureGauge,UnattendedGround,WaterMeter,,,,,,,,,,,,,,,,,,,,,,,,,,,,,,
69,Agriculture,Barograph,Barometer,Biochip,Bio,BoostGauge,Calorimeter,CapacitanceProbe,FrequencyDomain,Humistor,Hydrometer,Hyperspectral,InfraredThermometer,Leaf,LedAsLight,Psychrometer,Pyrometer,QuartzThermometer,ResistanceThermometer,SiliconBandgapTemperature,SoilMoisture,TemperatureGauge,Thermocouple,Thermometer,TimePressureGauge,UnattendedGround,WaterMeter,,,,,,,,,,,,,,,,,,,,,,,,,,,,,,,,
70,Agriculture,AirFlowMeter,Auxanometer,BackIlluminated,Barograph,Barometer,Biochip,Bio,BoostGauge,Calorimeter,CapacitanceProbe,FrequencyDomain,Humistor,Hydrometer,LedAsLight,Lysimeter,Nano,Pressure,PressureGauge,Psychrometer,Pyrometer,QuartzThermometer,TemperatureGauge,,,,,,,,,,,,,,,,,,,,,,,,,,,,,,,,,,,,
71,Agriculture,Barometer,Biochip,InfraredThermometer,Leaf,LedAsLight,Lysimeter,Nano,Pressure,PressureGauge,Psychrometer,Pyrometer,QuartzThermometer,ResistanceThermometer,SiliconBandgapTemperature,SoilMoisture,TemperatureGauge,Thermocouple,Thermometer,TimePressureGauge,UnattendedGround,WaterMeter,,,,,,,,,,,,,,,,,,,,,,,,,,,,,,,,,,,,,
72,Agriculture,BoostGauge,Calorimeter,CapacitanceProbe,FrequencyDomain,Leaf,LedAsLight,Lysimeter,Nano,Pressure,PressureGauge,Psychrometer,Pyrometer,QuartzThermometer,ResistanceThermometer,SiliconBandgapTemperature,SoilMoisture,TemperatureGauge,Thermocouple,,,,,,,,,,,,,,,,,,,,,,,,,,,,,,,,,,,,,,,,
73,Agriculture,Barometer,Biochip,Bio,BoostGauge,Calorimeter,CapacitanceProbe,FrequencyDomain,Humistor,Hydrometer,Hyperspectral,InfraredThermometer,Leaf,LedAsLight,Lysimeter,Nano,Pressure,PressureGauge,Psychrometer,Pyrometer,Thermocouple,,,,,,,,,,,,,,,,,,,,,,,,,,,,,,,,,,,,,,
74,Logistic,Abs,Accelerometer,Afr,AirFlowMeter,AirFuelRatioMeter,AnprWhereVehiclesAreTimedOverFixedDistance,AutomaticTransmissionSpeed,CapacitiveDisplacement,ChargeCoupledDevice,DisplacementReceiver,DopplerRadar,FreeFall,FuelLevel,FuelPressure,GroundSpeedRadar,Gyroscopic,HallEffect,Impact,IncrementalEncoder,LaserSurfaceVelocimeter,LaserSurfaceVelocimetersForMovingSurfaces,Level,MagneticLevelGauge,Odometer,OilLevel,PiezoElectricAccelerometer,Position,Proximity,RadarGun,Radar,ShockDetector,Speedometers,Tachometer,Triangulation,Ultrasonic,UltraWideBandRadar,VehicleSpeed,VelocityReceiver,WheelSpeed,,,,,,,,,,,,,,,,,,,
75,Logistic,AnprWhereVehiclesAreTimedOverFixedDistance,AutomaticTransmissionSpeed,CapacitiveDisplacement,ChargeCoupledDevice,DisplacementReceiver,DopplerRadar,FreeFall,FuelLevel,FuelPressure,GroundSpeedRadar,Gyroscopic,HallEffect,Impact,IncrementalEncoder,LaserSurfaceVelocimeter,LaserSurfaceVelocimetersForMovingSurfaces,Level,MagneticLevelGauge,Position,Proximity,RadarGun,Radar,ShockDetector,Speedometers,Tachometer,Triangulation,Ultrasonic,UltraWideBandRadar,VehicleSpeed,VelocityReceiver,WheelSpeed,,,,,,,,,,,,,,,,,,,,,,,,,,,
76,Logistic,Abs,Accelerometer,ChargeCoupledDevice,DisplacementReceiver,DopplerRadar,FreeFall,FuelLevel,FuelPressure,GroundSpeedRadar,Gyroscopic,HallEffect,Impact,IncrementalEncoder,LaserSurfaceVelocimeter,LaserSurfaceVelocimetersForMovingSurfaces,Level,MagneticLevelGauge,PiezoElectricAccelerometer,Position,Proximity,RadarGun,Radar,ShockDetector,Speedometers,Tachometer,Triangulation,Ultrasonic,UltraWideBandRadar,VehicleSpeed,VelocityReceiver,WheelSpeed,,,,,,,,,,,,,,,,,,,,,,,,,,,
77,Logistic,Abs,Accelerometer,Afr,AirFlowMeter,AirFuelRatioMeter,AnprWhereVehiclesAreTimedOverFixedDistance,AutomaticTransmissionSpeed,CapacitiveDisplacement,ChargeCoupledDevice,FuelPressure,GroundSpeedRadar,LaserSurfaceVelocimeter,LaserSurfaceVelocimetersForMovingSurfaces,Level,MagneticLevelGauge,Odometer,OilLevel,PiezoElectricAccelerometer,Position,Proximity,RadarGun,Radar,ShockDetector,Speedometers,Tachometer,Triangulation,,,,,,,,,,,,,,,,,,,,,,,,,,,,,,,,
78,Logistic,Abs,FreeFall,FuelLevel,FuelPressure,GroundSpeedRadar,Gyroscopic,HallEffect,Impact,IncrementalEncoder,LaserSurfaceVelocimeter,LaserSurfaceVelocimetersForMovingSurfaces,Level,MagneticLevelGauge,Odometer,OilLevel,PiezoElectricAccelerometer,Position,Proximity,RadarGun,Radar,ShockDetector,Speedometers,Tachometer,Triangulation,Ultrasonic,UltraWideBandRadar,VehicleSpeed,,,,,,,,,,,,,,,,,,,,,,,,,,,,,,,
79,Logistic,Abs,Accelerometer,Afr,FreeFall,FuelLevel,FuelPressure,GroundSpeedRadar,Gyroscopic,HallEffect,Impact,IncrementalEncoder,LaserSurfaceVelocimeter,LaserSurfaceVelocimetersForMovingSurfaces,Level,MagneticLevelGauge,PiezoElectricAccelerometer,Position,Proximity,RadarGun,Radar,ShockDetector,Speedometers,Tachometer,Triangulation,Ultrasonic,UltraWideBandRadar,VehicleSpeed,VelocityReceiver,WheelSpeed,,,,,,,,,,,,,,,,,,,,,,,,,,,,,
80,Logistic,AirFuelRatioMeter,AnprWhereVehiclesAreTimedOverFixedDistance,AutomaticTransmissionSpeed,CapacitiveDisplacement,ChargeCoupledDevice,DisplacementReceiver,DopplerRadar,FreeFall,FuelLevel,FuelPressure,GroundSpeedRadar,Gyroscopic,HallEffect,Impact,IncrementalEncoder,LaserSurfaceVelocimeter,LaserSurfaceVelocimetersForMovingSurfaces,Level,MagneticLevelGauge,Odometer,OilLevel,PiezoElectricAccelerometer,Position,Proximity,RadarGun,Radar,ShockDetector,Speedometers,Tachometer,Triangulation,Ultrasonic,UltraWideBandRadar,VehicleSpeed,VelocityReceiver,WheelSpeed,UltraWideBandRadar,VehicleSpeed,VelocityReceiver,WheelSpeed,,,,,,,,,,,,,,,,,,,
81,Logistic,Impact,IncrementalEncoder,LaserSurfaceVelocimeter,LaserSurfaceVelocimetersForMovingSurfaces,Level,MagneticLevelGauge,Odometer,OilLevel,PiezoElectricAccelerometer,Position,Proximity,RadarGun,Radar,ShockDetector,Speedometers,Tachometer,Triangulation,Ultrasonic,UltraWideBandRadar,VehicleSpeed,VelocityReceiver,WheelSpeed,,,,,,,,,,,,,,,,,,,,,,,,,,,,,,,,,,,,
82,Logistic,AnprWhereVehiclesAreTimedOverFixedDistance,AutomaticTransmissionSpeed,CapacitiveDisplacement,ChargeCoupledDevice,DisplacementReceiver,DopplerRadar,FreeFall,FuelLevel,FuelPressure,GroundSpeedRadar,Gyroscopic,Odometer,OilLevel,PiezoElectricAccelerometer,Position,Proximity,RadarGun,Radar,ShockDetector,Speedometers,Tachometer,Triangulation,Ultrasonic,UltraWideBandRadar,VehicleSpeed,VelocityReceiver,WheelSpeed,,,,,,,,,,,,,,,,,,,,,,,,,,,,,,,
83,Logistic,Abs,Accelerometer,Afr,AirFlowMeter,AirFuelRatioMeter,AnprWhereVehiclesAreTimedOverFixedDistance,AutomaticTransmissionSpeed,CapacitiveDisplacement,ChargeCoupledDevice,DisplacementReceiver,DopplerRadar,FreeFall,IncrementalEncoder,LaserSurfaceVelocimeter,LaserSurfaceVelocimetersForMovingSurfaces,Level,MagneticLevelGauge,Odometer,OilLevel,PiezoElectricAccelerometer,Position,Proximity,RadarGun,Radar,ShockDetector,Speedometers,Tachometer,Triangulation,Ultrasonic,,,,,,,,,,,,,,,,,,,,,,,,,,,,,
84,Logistic,Abs,Accelerometer,Afr,AirFlowMeter,AirFuelRatioMeter,AnprWhereVehiclesAreTimedOverFixedDistance,AutomaticTransmissionSpeed,CapacitiveDisplacement,ChargeCoupledDevice,DisplacementReceiver,DopplerRadar,FreeFall,FuelLevel,IncrementalEncoder,LaserSurfaceVelocimeter,LaserSurfaceVelocimetersForMovingSurfaces,Level,MagneticLevelGauge,Odometer,OilLevel,PiezoElectricAccelerometer,Position,Proximity,RadarGun,Radar,ShockDetector,Speedometers,Tachometer,,,,,,,,,,,,,,,,,,,,,,,,,,,,,,
85,Logistic,AirFlowMeter,GroundSpeedRadar,Gyroscopic,HallEffect,Impact,IncrementalEncoder,LaserSurfaceVelocimeter,LaserSurfaceVelocimetersForMovingSurfaces,Level,MagneticLevelGauge,Odometer,OilLevel,PiezoElectricAccelerometer,Position,Proximity,RadarGun,Radar,ShockDetector,Speedometers,Tachometer,Triangulation,Ultrasonic,UltraWideBandRadar,VehicleSpeed,VelocityReceiver,WheelSpeed,,,,,,,,,,,,,,,,,,,,,,,,,,,,,,,,
86,IndustrialProcesses,Abs,Accelerometer,Afr,AirFlowMeter,AirFuelRatioMeter,AnprWhereVehiclesAreTimedOverFixedDistance,AutomaticTransmissionSpeed,BlindSpotMonitor,BoostGauge,BourdonGauge,CapacitiveDisplacement,ChargeCoupledDevice,CrankShaftPosition,CylinderHeadTemperatureGauge,EngineCrankcasePressure,FuelLevel,FuelPressure,Impact,Knock,LaserSurfaceVelocimeter,LaserSurfaceVelocimetersForMovingSurfaces,Level,MagneticLevelGauge,Map,MassFlow,MotionDetector,Nano,OilLevel,OilPressure,PassiveInfrared,PiezoElectricAccelerometer,Position,Pressure,PressureGauge,Proximity,ShockDetector,Tachometer,TirePressure,Ultrasonic,VariableReluctance,,,,,,,,,,,,,,,,,,
87,IndustrialProcesses,AirFuelRatioMeter,AnprWhereVehiclesAreTimedOverFixedDistance,AutomaticTransmissionSpeed,BlindSpotMonitor,BoostGauge,BourdonGauge,CapacitiveDisplacement,ChargeCoupledDevice,CrankShaftPosition,CylinderHeadTemperatureGauge,EngineCrankcasePressure,FuelLevel,FuelPressure,Impact,Knock,LaserSurfaceVelocimeter,LaserSurfaceVelocimetersForMovingSurfaces,Level,MagneticLevelGauge,Map,Nano,OilLevel,OilPressure,PassiveInfrared,PiezoElectricAccelerometer,Position,Pressure,PressureGauge,Proximity,ShockDetector,Tachometer,TirePressure,Ultrasonic,VariableReluctance,,,,,,,,,,,,,,,,,,,,,,,,
88,IndustrialProcesses,Abs,Accelerometer,AutomaticTransmissionSpeed,BlindSpotMonitor,BoostGauge,BourdonGauge,CapacitiveDisplacement,ChargeCoupledDevice,CrankShaftPosition,CylinderHeadTemperatureGauge,EngineCrankcasePressure,FuelLevel,FuelPressure,Impact,Knock,LaserSurfaceVelocimeter,LaserSurfaceVelocimetersForMovingSurfaces,Level,Nano,OilLevel,OilPressure,PassiveInfrared,PiezoElectricAccelerometer,Position,Pressure,PressureGauge,Proximity,ShockDetector,Tachometer,TirePressure,Ultrasonic,VariableReluctance,,,,,,,,,,,,,,,,,,,,,,,,,,
89,IndustrialProcesses,Abs,Accelerometer,AirFuelRatioMeter,AnprWhereVehiclesAreTimedOverFixedDistance,AutomaticTransmissionSpeed,BlindSpotMonitor,BoostGauge,BourdonGauge,CapacitiveDisplacement,ChargeCoupledDevice,FuelPressure,Impact,Knock,LaserSurfaceVelocimeter,LaserSurfaceVelocimetersForMovingSurfaces,Level,MagneticLevelGauge,Map,MassFlow,MotionDetector,Nano,OilLevel,OilPressure,PassiveInfrared,PiezoElectricAccelerometer,Position,Pressure,PressureGauge,Proximity,ShockDetector,Tachometer,TirePressure,,,,,,,,,,,,,,,,,,,,,,,,,,
90,IndustrialProcesses,Abs,Afr,AirFlowMeter,AnprWhereVehiclesAreTimedOverFixedDistance,BlindSpotMonitor,BoostGauge,BourdonGauge,CapacitiveDisplacement,ChargeCoupledDevice,CrankShaftPosition,CylinderHeadTemperatureGauge,EngineCrankcasePressure,FuelLevel,Knock,LaserSurfaceVelocimeter,LaserSurfaceVelocimetersForMovingSurfaces,Level,MagneticLevelGauge,Map,MassFlow,MotionDetector,Nano,OilLevel,OilPressure,Position,Pressure,PressureGauge,Proximity,ShockDetector,Tachometer,TirePressure,Ultrasonic,VariableReluctance,,,,,,,,,,,,,,,,,,,,,,,,,
91,IndustrialProcesses,BoostGauge,BourdonGauge,CapacitiveDisplacement,ChargeCoupledDevice,CrankShaftPosition,CylinderHeadTemperatureGauge,EngineCrankcasePressure,FuelLevel,FuelPressure,Impact,Knock,LaserSurfaceVelocimeter,LaserSurfaceVelocimetersForMovingSurfaces,Level,MagneticLevelGauge,Map,MassFlow,MotionDetector,Nano,OilLevel,OilPressure,PassiveInfrared,PiezoElectricAccelerometer,Position,Pressure,PressureGauge,Proximity,ShockDetector,Tachometer,TirePressure,Ultrasonic,VariableReluctance,,,,,,,,,,,,,,,,,,,,,,,,,,
92,IndustrialProcesses,BourdonGauge,CapacitiveDisplacement,ChargeCoupledDevice,CrankShaftPosition,CylinderHeadTemperatureGauge,EngineCrankcasePressure,FuelLevel,FuelPressure,Impact,Knock,LaserSurfaceVelocimeter,LaserSurfaceVelocimetersForMovingSurfaces,Level,MagneticLevelGauge,Map,MassFlow,MotionDetector,Nano,OilLevel,OilPressure,PassiveInfrared,PiezoElectricAccelerometer,Position,Pressure,PressureGauge,Proximity,ShockDetector,Tachometer,TirePressure,Ultrasonic,,,,,,,,,,,,,,,,,,,,,,,,,,,,
93,IndustrialProcesses,ChargeCoupledDevice,CrankShaftPosition,CylinderHeadTemperatureGauge,EngineCrankcasePressure,FuelLevel,FuelPressure,Impact,Knock,LaserSurfaceVelocimeter,LaserSurfaceVelocimetersForMovingSurfaces,Level,MagneticLevelGauge,Map,MassFlow,MotionDetector,Nano,OilLevel,OilPressure,PassiveInfrared,PiezoElectricAccelerometer,Position,Pressure,PressureGauge,Proximity,ShockDetector,Tachometer,TirePressure,Ultrasonic,VariableReluctance,,,,,,,,,,,,,,,,,,,,,,,,,,,,,
94,IndustrialProcesses,CrankShaftPosition,CylinderHeadTemperatureGauge,EngineCrankcasePressure,FuelLevel,FuelPressure,Impact,Knock,LaserSurfaceVelocimeter,LaserSurfaceVelocimetersForMovingSurfaces,Level,MagneticLevelGauge,Map,MassFlow,MotionDetector,Nano,OilLevel,OilPressure,PassiveInfrared,PiezoElectricAccelerometer,Position,Pressure,PressureGauge,Proximity,ShockDetector,Tachometer,,,,,,,,,,,,,,,,,,,,,,,,,,,,,,,,,
95,IndustrialProcesses,AutomaticTransmissionSpeed,BlindSpotMonitor,BoostGauge,BourdonGauge,CapacitiveDisplacement,ChargeCoupledDevice,Knock,LaserSurfaceVelocimeter,LaserSurfaceVelocimetersForMovingSurfaces,Level,MagneticLevelGauge,Map,MassFlow,MotionDetector,Nano,OilLevel,OilPressure,PassiveInfrared,PiezoElectricAccelerometer,Position,Pressure,PressureGauge,Proximity,ShockDetector,Tachometer,TirePressure,Ultrasonic,,,,,,,,,,,,,,,,,,,,,,,,,,,,,,,
96,IndustrialProcesses,AirFlowMeter,AirFuelRatioMeter,AnprWhereVehiclesAreTimedOverFixedDistance,AutomaticTransmissionSpeed,BlindSpotMonitor,BoostGauge,BourdonGauge,CapacitiveDisplacement,ChargeCoupledDevice,CrankShaftPosition,CylinderHeadTemperatureGauge,EngineCrankcasePressure,FuelLevel,Level,MagneticLevelGauge,Map,MassFlow,MotionDetector,Nano,OilLevel,OilPressure,PassiveInfrared,PiezoElectricAccelerometer,Position,Pressure,PressureGauge,Proximity,,,,,,,,,,,,,,,,,,,,,,,,,,,,,,,
97,IndustrialProcesses,AirFlowMeter,AirFuelRatioMeter,AnprWhereVehiclesAreTimedOverFixedDistance,AutomaticTransmissionSpeed,BlindSpotMonitor,BoostGauge,BourdonGauge,Impact,Knock,LaserSurfaceVelocimeter,LaserSurfaceVelocimetersForMovingSurfaces,Level,MagneticLevelGauge,Map,MassFlow,MotionDetector,Nano,OilLevel,OilPressure,PassiveInfrared,PiezoElectricAccelerometer,Position,Pressure,PressureGauge,Proximity,ShockDetector,Tachometer,TirePressure,,,,,,,,,,,,,,,,,,,,,,,,,,,,,,
98,HealthCare,Accelerometer,Actigraphy,Bio,Biochip,Breathalyzer,DiffusionTensorImaging,FunctionalMagneticResonanceImaging,GroundSpeedRadar,Heartbeat,MagneticResonanceImaging,Nano,NanoTetherball,PiezoElectricAccelerometer,Location,,,,,,,,,,,,,,,,,,,,,,,,,,,,,,,,,,,,,,,,,,,,
99,HealthCare,Accelerometer,Actigraphy,Biochip,Breathalyzer,DiffusionTensorImaging,FunctionalMagneticResonanceImaging,GroundSpeedRadar,Heartbeat,MagneticResonanceImaging,Nano,NanoTetherball,PiezoElectricAccelerometer,,,,,,,,,,,,,,,,,,,,,,,,,,,,,,,,,,,,,,,,,,,,,,
100,HealthCare,Accelerometer,Actigraphy,Bio,DiffusionTensorImaging,FunctionalMagneticResonanceImaging,GroundSpeedRadar,Heartbeat,MagneticResonanceImaging,Nano,NanoTetherball,PiezoElectricAccelerometer,Location,,,,,,,,,,,,,,,,,,,,,,,,,,,,,,,,,,,,,,,,,,,,,,
101,HealthCare,Accelerometer,Actigraphy,Bio,Biochip,Breathalyzer,DiffusionTensorImaging,FunctionalMagneticResonanceImaging,GroundSpeedRadar,Heartbeat,NanoTetherball,PiezoElectricAccelerometer,Location,,,,,,,,,,,,,,,,,,,,,,,,,,,,,,,,,,,,,,,,,,,,,,
102,HealthCare,Actigraphy,Bio,Biochip,Breathalyzer,DiffusionTensorImaging,FunctionalMagneticResonanceImaging,GroundSpeedRadar,Heartbeat,MagneticResonanceImaging,Nano,PiezoElectricAccelerometer,Location,,,,,,,,,,,,,,,,,,,,,,,,,,,,,,,,,,,,,,,,,,,,,,
103,HealthCare,Accelerometer,Actigraphy,Bio,Biochip,Breathalyzer,DiffusionTensorImaging,FunctionalMagneticResonanceImaging,GroundSpeedRadar,Heartbeat,MagneticResonanceImaging,Nano,Location,,,,,,,,,,,,,,,,,,,,,,,,,,,,,,,,,,,,,,,,,,,,,,
104,HealthCare,Bio,Biochip,Breathalyzer,DiffusionTensorImaging,FunctionalMagneticResonanceImaging,GroundSpeedRadar,Heartbeat,MagneticResonanceImaging,Nano,NanoTetherball,PiezoElectricAccelerometer,Location,,,,,,,,,,,,,,,,,,,,,,,,,,,,,,,,,,,,,,,,,,,,,,
105,HealthCare,Actigraphy,Biochip,Breathalyzer,DiffusionTensorImaging,FunctionalMagneticResonanceImaging,GroundSpeedRadar,Heartbeat,MagneticResonanceImaging,Nano,NanoTetherball,PiezoElectricAccelerometer,Location,,,,,,,,,,,,,,,,,,,,,,,,,,,,,,,,,,,,,,,,,,,,,,
106,HealthCare,Accelerometer,Actigraphy,Bio,FunctionalMagneticResonanceImaging,GroundSpeedRadar,Heartbeat,MagneticResonanceImaging,Nano,NanoTetherball,PiezoElectricAccelerometer,Location,,,,,,,,,,,,,,,,,,,,,,,,,,,,,,,,,,,,,,,,,,,,,,,
107,HealthCare,Actigraphy,Bio,Biochip,DiffusionTensorImaging,FunctionalMagneticResonanceImaging,GroundSpeedRadar,Heartbeat,MagneticResonanceImaging,Nano,NanoTetherball,PiezoElectricAccelerometer,,,,,,,,,,,,,,,,,,,,,,,,,,,,,,,,,,,,,,,,,,,,,,,
108,HealthCare,Accelerometer,Actigraphy,Bio,Biochip,Breathalyzer,DiffusionTensorImaging,GroundSpeedRadar,Heartbeat,MagneticResonanceImaging,Nano,PiezoElectricAccelerometer,,,,,,,,,,,,,,,,,,,,,,,,,,,,,,,,,,,,,,,,,,,,,,,
109,HealthCare,Accelerometer,Actigraphy,Bio,Biochip,Breathalyzer,DiffusionTensorImaging,FunctionalMagneticResonanceImaging,MagneticResonanceImaging,NanoTetherball,PiezoElectricAccelerometer,,,,,,,,,,,,,,,,,,,,,,,,,,,,,,,,,,,,,,,,,,,,,,,,
110,IndependentLiving,Actigraphy,Biochip,Bio,Cmos,FunctionalMagneticResonanceImaging,HallEffect,Heartbeat,Hyperspectral,MotionDetector,Nano,NanoTetherball,OmnidirectionalCamera,RangeImaging,Tactile,TimeOfFlightCamera,Video,,,,,,,,,,,,,,,,,,,,,,,,,,,,,,,,,,,,,,,,,,
111,IndependentLiving,Actigraphy,Biochip,Bio,Cmos,FunctionalMagneticResonanceImaging,NanoTetherball,OmnidirectionalCamera,RangeImaging,Tactile,TimeOfFlightCamera,Video,,,,,,,,,,,,,,,,,,,,,,,,,,,,,,,,,,,,,,,,,,,,,,,
112,IndependentLiving,Actigraphy,Biochip,Bio,Cmos,FunctionalMagneticResonanceImaging,RangeImaging,Tactile,TimeOfFlightCamera,Video,,,,,,,,,,,,,,,,,,,,,,,,,,,,,,,,,,,,,,,,,,,,,,,,,
113,IndependentLiving,Actigraphy,Biochip,Bio,Cmos,FunctionalMagneticResonanceImaging,RangeImaging,Tactile,TimeOfFlightCamera,,,,,,,,,,,,,,,,,,,,,,,,,,,,,,,,,,,,,,,,,,,,,,,,,,
114,IndependentLiving,Actigraphy,Biochip,Bio,Cmos,FunctionalMagneticResonanceImaging,OmnidirectionalCamera,RangeImaging,Tactile,TimeOfFlightCamera,,,,,,,,,,,,,,,,,,,,,,,,,,,,,,,,,,,,,,,,,,,,,,,,,
115,IndependentLiving,Actigraphy,Biochip,Bio,Cmos,FunctionalMagneticResonanceImaging,RangeImaging,Tactile,TimeOfFlightCamera,Video,,,,,,,,,,,,,,,,,,,,,,,,,,,,,,,,,,,,,,,,,,,,,,,,,
116,IndependentLiving,Biochip,Cmos,FunctionalMagneticResonanceImaging,HallEffect,Heartbeat,Hyperspectral,MotionDetector,NanoTetherball,OmnidirectionalCamera,RangeImaging,Tactile,TimeOfFlightCamera,Video,,,,,,,,,,,,,,,,,,,,,,,,,,,,,,,,,,,,,,,,,,,,,
117,IndependentLiving,Biochip,Bio,Cmos,FunctionalMagneticResonanceImaging,HallEffect,Heartbeat,Hyperspectral,MotionDetector,Nano,NanoTetherball,OmnidirectionalCamera,TimeOfFlightCamera,Video,,,,,,,,,,,,,,,,,,,,,,,,,,,,,,,,,,,,,,,,,,,,,
118,IndependentLiving,Actigraphy,Biochip,Bio,Cmos,FunctionalMagneticResonanceImaging,HallEffect,Heartbeat,Hyperspectral,MotionDetector,Nano,NanoTetherball,OmnidirectionalCamera,RangeImaging,TimeOfFlightCamera,Video,,,,,,,,,,,,,,,,,,,,,,,,,,,,,,,,,,,,,,,,,,,
119,IndependentLiving,Actigraphy,Cmos,FunctionalMagneticResonanceImaging,HallEffect,Heartbeat,Hyperspectral,MotionDetector,Nano,NanoTetherball,OmnidirectionalCamera,RangeImaging,TimeOfFlightCamera,Video,,,,,,,,,,,,,,,,,,,,,,,,,,,,,,,,,,,,,,,,,,,,,
120,IndependentLiving,Actigraphy,Biochip,FunctionalMagneticResonanceImaging,HallEffect,Heartbeat,Hyperspectral,MotionDetector,Nano,NanoTetherball,OmnidirectionalCamera,RangeImaging,TimeOfFlightCamera,Video,,,,,,,,,,,,,,,,,,,,,,,,,,,,,,,,,,,,,,,,,,,,,
121,IndependentLiving,Biochip,Bio,Cmos,FunctionalMagneticResonanceImaging,HallEffect,Heartbeat,MotionDetector,Nano,NanoTetherball,OmnidirectionalCamera,RangeImaging,TimeOfFlightCamera,Video,,,,,,,,,,,,,,,,,,,,,,,,,,,,,,,,,,,,,,,,,,,,,
